symbol,side,score,signal_time,entry_time,exit_time,entry,sl,tp1,tp2,tp3,tp4,highest_tp,status,realized_r,entry_type,scenario_key
ETHUSDT,SHORT,72,2026-04-03 13:00:00+00:00,,2026-04-04 01:00:00+00:00,2064.83,2087.117245,2046.8075,2034.97,2015.55,1936.54,0,EXPIRED,0.0,ORDER BLOCK 50% + HTF VP,ETHUSDT:SHORT:PSH
ETHUSDT,LONG,99,2026-04-05 23:15:00+00:00,,2026-04-06 11:15:00+00:00,2075.8639583333334,2042.8055134205447,2099.9241666666667,2155.842291666667,2165.8395833333334,2200.11,0,EXPIRED,0.0,FVG 50% + HTF VP,ETHUSDT:LONG:PML
ETHUSDT,SHORT,73,2026-04-06 13:00:00+00:00,2026-04-06 14:00:00+00:00,2026-04-06 20:15:00+00:00,2151.8008333333332,2177.6377012499997,2133.0825,2114.3641666666667,2095.99,2069.25,1,CLOSED,0.1811,ORDER BLOCK 50% + HTF VP,ETHUSDT:SHORT:PWH
ETHUSDT,SHORT,83,2026-04-06 22:30:00+00:00,,2026-04-07 10:30:00+00:00,2151.8008333333332,2170.4277012499997,2133.0825,2123.23,2114.3641666666667,2081.0,0,EXPIRED,0.0,FVG 50% + HTF VP,ETHUSDT:SHORT:PWH
ETHUSDT,SHORT,72,2026-04-07 11:00:00+00:00,2026-04-07 17:30:00+00:00,2026-04-07 21:00:00+00:00,2101.105,2136.1493940920864,2058.2091666666665,2049.4725,2015.55,1905.91,0,CLOSED,-1.0,FVG 50% + HTF VP,ETHUSDT:SHORT:PWH
ETHUSDT,LONG,76,2026-04-07 21:15:00+00:00,,2026-04-08 09:15:00+00:00,2110.685,2074.3276142034665,2139.86,2174.41,2185.834166666667,2385.78,0,EXPIRED,0.0,FVG + ORDER BLOCK + HTF VP,ETHUSDT:LONG:PDL
ETHUSDT,LONG,84,2026-04-09 05:45:00+00:00,2026-04-09 06:15:00+00:00,2026-04-09 11:15:00+00:00,2177.7250000000004,2156.7334125,2193.23,2218.9,2238.66,2246.3,1,CLOSED,0.1847,ORDER BLOCK 50% + HTF VP,ETHUSDT:LONG:PDL
ETHUSDT,LONG,89,2026-04-09 15:45:00+00:00,2026-04-09 23:00:00+00:00,2026-04-12 12:45:00+00:00,2186.3762500000003,2151.876705763781,2213.14,2246.3,2269.65,2385.78,3,CLOSED,1.2316,ORDER BLOCK 50% + HTF VP,ETHUSDT:LONG:PDL
ETHUSDT,SHORT,78,2026-04-14 15:00:00+00:00,,2026-04-15 03:00:00+00:00,2375.77,2421.030226256038,2340.01,2294.09,2264.04,2239.49,0,EXPIRED,0.0,FVG 50%,ETHUSDT:SHORT:PMH
ETHUSDT,LONG,80,2026-04-19 11:15:00+00:00,2026-04-19 16:45:00+00:00,2026-04-19 18:45:00+00:00,2308.165,2287.8277525,2324.4895833333335,2336.6087500000003,2353.99,2372.9662500000004,0,CLOSED,-1.0,ORDER BLOCK 50% + HTF VP,ETHUSDT:LONG:PDL
ETHUSDT,SHORT,78,2026-04-19 22:15:00+00:00,2026-04-20 00:45:00+00:00,2026-04-20 18:15:00+00:00,2279.5550000000003,2333.905606014334,2226.28,2201.47,2058.01,1905.91,0,CLOSED,-1.0,FVG 50%,ETHUSDT:SHORT:PWH
ETHUSDT,SHORT,90,2026-04-23 00:00:00+00:00,,2026-04-23 12:00:00+00:00,2388.505,2410.1527575,2364.01,2358.5,2344.0756250000004,2317.705,0,EXPIRED,0.0,FVG 50%,ETHUSDT:SHORT:PMH
ETHUSDT,SHORT,83,2026-04-27 15:30:00+00:00,2026-04-27 23:45:00+00:00,2026-04-28 19:45:00+00:00,2302.33,2332.4002879341,2263.88,2246.39,1905.91,,1,CLOSED,0.3197,FVG 50% + HTF VP,ETHUSDT:SHORT:PMH
ETHUSDT,LONG,82,2026-04-28 20:00:00+00:00,2026-04-28 20:30:00+00:00,2026-04-29 13:30:00+00:00,2294.58,2254.85813,2324.29,2364.9875,2379.99,2336.175,2,CLOSED,0.6301,FVG 50% + HTF VP,ETHUSDT:LONG:PWL
ETHUSDT,LONG,73,2026-04-30 08:00:00+00:00,2026-04-30 14:15:00+00:00,2026-05-01 13:45:00+00:00,2247.695,2226.7284575,2264.0393750000003,2277.1008333333334,2290.93,2319.67,4,CLOSED,1.9193,ORDER BLOCK 50% + HTF VP,ETHUSDT:LONG:PWL
ETHUSDT,LONG,80,2026-05-01 14:00:00+00:00,2026-05-01 15:45:00+00:00,2026-05-03 04:00:00+00:00,2297.295,2267.1740575,2319.67,2343.015833333334,2364.9875,2397.945,1,CLOSED,0.1857,FVG 50% + HTF VP,ETHUSDT:LONG:PWL
ETHUSDT,SHORT,100,2026-05-04 20:30:00+00:00,2026-05-05 02:00:00+00:00,2026-05-05 03:30:00+00:00,2365.2650000000003,2385.5478975,2346.449791666667,2336.7293750000003,2323.870625,2296.01,0,CLOSED,-1.0,FVG 50% + HTF VP,ETHUSDT:SHORT:PWH
ETHUSDT,SHORT,78,2026-05-06 23:15:00+00:00,,2026-05-07 11:15:00+00:00,2369.7460416666668,2407.5446190625,2336.2402083333336,2315.8210416666666,2285.86,2015.55,0,EXPIRED,0.0,FVG 50% + HTF VP,ETHUSDT:SHORT:PWH
ETHUSDT,LONG,92,2026-05-08 08:45:00+00:00,2026-05-08 13:30:00+00:00,2026-05-08 18:15:00+00:00,2271.65,2260.022525,2286.630625,2288.84,2296.01,2316.55,4,CLOSED,2.1808,FVG + ORDER BLOCK + HTF VP,ETHUSDT:LONG:PDL
ETHUSDT,LONG,91,2026-05-11 16:15:00+00:00,2026-05-11 17:00:00+00:00,2026-05-12 01:15:00+00:00,2324.0950000000003,2299.0238575000003,2343.015833333334,2362.56,2381.88,2417.34,1,CLOSED,0.1887,FVG 50% + HTF VP,ETHUSDT:LONG:PDL
ETHUSDT,LONG,77,2026-05-13 04:45:00+00:00,2026-05-13 12:30:00+00:00,2026-05-13 13:45:00+00:00,2284.545,2260.0031824999996,2303.86,2322.33,2335.533125,2372.8925,0,CLOSED,-1.0,FVG 50% + HTF VP,ETHUSDT:LONG:PWL
ETHUSDT,LONG,92,2026-05-14 16:00:00+00:00,2026-05-15 01:45:00+00:00,2026-05-15 05:30:00+00:00,2275.16,2241.59726,2301.9525000000003,2322.4193750000004,2360.136875,2381.88,0,CLOSED,-1.0,FVG 50% + HTF VP,ETHUSDT:LONG:PWL
ETHUSDT,LONG,72,2026-05-18 19:45:00+00:00,,2026-05-19 07:45:00+00:00,2095.425,2069.9999515665963,2115.5039583333337,2130.96,2156.52,2174.1654166666667,0,EXPIRED,0.0,FVG 50% + HTF VP,ETHUSDT:LONG:PWL
ETHUSDT,SHORT,85,2026-05-20 22:15:00+00:00,2026-05-21 00:30:00+00:00,2026-05-21 00:45:00+00:00,2135.46,2143.92319,2120.87,2112.5,2110.7575,2101.79,0,CLOSED,-1.0,ORDER BLOCK 50% + HTF VP,ETHUSDT:SHORT:PDH
ETHUSDT,SHORT,72,2026-05-21 13:45:00+00:00,2026-05-21 14:00:00+00:00,2026-05-21 17:45:00+00:00,2120.0737500000005,2151.780110625,2085.0,2015.55,,,0,CLOSED,-1.0,FVG 50% + HTF VP,ETHUSDT:SHORT:PDH
ETHUSDT,LONG,73,2026-05-23 13:15:00+00:00,,2026-05-24 01:15:00+00:00,2029.175,2012.5062375,2051.49,2056.05,2064.704583333333,2085.0,0,EXPIRED,0.0,ORDER BLOCK 50%,ETHUSDT:LONG:PML
ETHUSDT,LONG,92,2026-05-24 01:30:00+00:00,2026-05-24 05:15:00+00:00,2026-05-24 14:15:00+00:00,2114.232708333333,2079.4686509374997,2142.206458333333,2175.04,2196.06,2232.0,0,CLOSED,-1.0,FVG + ORDER BLOCK + HTF VP,ETHUSDT:LONG:PWL
ETHUSDT,SHORT,85,2026-05-25 20:45:00+00:00,,2026-05-26 08:45:00+00:00,2119.87,2144.779805,2091.95,2075.75,2061.26,2015.55,0,EXPIRED,0.0,ORDER BLOCK 50% + HTF VP,ETHUSDT:SHORT:PDH
ETHUSDT,LONG,88,2026-05-26 10:45:00+00:00,2026-05-26 12:00:00+00:00,2026-05-26 14:30:00+00:00,2110.125,2085.4648125000003,2128.875,2144.5,2175.04,2196.06,1,CLOSED,0.1901,FVG 50% + HTF VP,ETHUSDT:LONG:PDL
ETHUSDT,LONG,76,2026-05-26 14:30:00+00:00,,2026-05-27 02:30:00+00:00,2120.15125,2087.6597731250004,2144.5,2175.04,2196.06,2232.0,0,EXPIRED,0.0,FVG + ORDER BLOCK + HTF VP,ETHUSDT:LONG:PDL
ETHUSDT,LONG,94,2026-05-28 07:15:00+00:00,2026-05-28 13:15:00+00:00,2026-05-29 14:15:00+00:00,1979.455,1962.5108175,2007.0,2013.88,2015.55,2033.56,3,CLOSED,1.4469,FVG 50%,ETHUSDT:LONG:PML
ETHUSDT,LONG,81,2026-05-30 15:15:00+00:00,2026-05-30 15:30:00+00:00,2026-05-31 14:00:00+00:00,2026.085,2011.3408725000002,2046.0,2055.0,2076.8762500000003,2092.24125,0,CLOSED,-1.0,ORDER BLOCK 50% + HTF VP,ETHUSDT:LONG:PML
ETHUSDT,LONG,81,2026-05-31 22:00:00+00:00,2026-05-31 23:30:00+00:00,2026-06-01 01:00:00+00:00,2005.405,1989.8318924999999,2017.4825,2027.8558333333335,2037.55,2082.8933333333334,1,CLOSED,0.1939,ORDER BLOCK 50% + HTF VP,ETHUSDT:LONG:PML
ETHUSDT,LONG,82,2026-06-01 17:15:00+00:00,2026-06-02 02:00:00+00:00,2026-06-02 07:00:00+00:00,1975.275,1951.23080506851,1993.59,2008.108125,2025.426875,2071.4075,1,CLOSED,0.1904,FVG 50% + HTF VP,ETHUSDT:LONG:PML
ETHUSDT,LONG,83,2026-06-04 04:15:00+00:00,2026-06-04 04:30:00+00:00,2026-06-05 05:30:00+00:00,1803.04,1706.1599602948806,1872.3125,1932.5700000000002,1997.3675,1876.36,0,CLOSED,-1.0,FVG 50% + HTF VP,ETHUSDT:LONG:PDL
ETHUSDT,LONG,82,2026-06-10 12:45:00+00:00,2026-06-10 21:00:00+00:00,2026-06-11 17:30:00+00:00,1620.4650000000001,1601.8114915603144,1635.2902083333333,1646.27,1663.39,1677.6,4,CLOSED,1.8856,ORDER BLOCK 50% + HTF VP,ETHUSDT:LONG:PDL
ETHUSDT,LONG,72,2026-06-11 18:00:00+00:00,,2026-06-12 06:00:00+00:00,1655.1604166666666,1627.3895770867534,1681.5187500000002,1693.38,1721.57,1747.0,0,EXPIRED,0.0,FVG 50% + HTF VP,ETHUSDT:LONG:UNKNOWN
ETHUSDT,SHORT,94,2026-06-18 16:00:00+00:00,2026-06-18 20:00:00+00:00,2026-06-22 01:15:00+00:00,1707.665,1756.5021001882774,1653.36,1637.6091666666666,1583.69,1503.6,0,CLOSED,-1.0,FVG 50% + HTF VP,ETHUSDT:SHORT:PWH
ETHUSDT,LONG,77,2026-06-26 06:45:00+00:00,2026-06-26 09:45:00+00:00,2026-06-28 19:45:00+00:00,1555.9650000000001,1507.0633670127945,1600.74,1620.3027083333334,1654.61625,1712.1462499999998,1,CLOSED,0.2289,FVG 50% + HTF VP,ETHUSDT:LONG:PDL
ETHUSDT,SHORT,86,2026-06-29 14:15:00+00:00,2026-06-29 14:30:00+00:00,2026-06-29 17:00:00+00:00,1572.3164583333332,1600.645106845045,1549.9722916666665,1510.87,1503.6,1547.0,0,CLOSED,-1.0,ORDER BLOCK 50% + HTF VP,ETHUSDT:SHORT:PDH
ETHUSDT,SHORT,70,2026-07-04 01:15:00+00:00,2026-07-04 04:30:00+00:00,2026-07-04 13:15:00+00:00,1758.125,1770.2071875,1749.3433333333332,1741.87,1726.85,1719.45,0,CLOSED,-1.0,ORDER BLOCK 50% + HTF VP,ETHUSDT:SHORT:UNKNOWN
ETHUSDT,SHORT,83,2026-07-05 21:15:00+00:00,2026-07-06 00:15:00+00:00,2026-07-06 00:15:00+00:00,1776.38,1789.0145699999998,1765.8658333333333,1757.7108333333333,1747.27,1732.4837499999999,0,AMBIGUOUS,0.0,ORDER BLOCK 50% + HTF VP,ETHUSDT:SHORT:PWH
ETHUSDT,LONG,82,2026-07-06 16:00:00+00:00,2026-07-07 03:30:00+00:00,2026-07-07 21:30:00+00:00,1770.2525,1724.353086497131,1803.59,2020.9,1807.77,,2,CLOSED,1.5468,FVG 50% + HTF VP,ETHUSDT:LONG:PDL
ETHUSDT,SHORT,79,2026-07-08 01:45:00+00:00,,2026-07-08 13:45:00+00:00,1774.1062499999998,1810.8632243420034,1729.5583333333334,1702.975,1691.3,1649.8083333333334,0,EXPIRED,0.0,FVG 50% + HTF VP,ETHUSDT:SHORT:PWH
ETHUSDT,SHORT,89,2026-07-12 00:15:00+00:00,2026-07-12 01:15:00+00:00,2026-07-13 00:00:00+00:00,1800.815,1831.2312225,1775.2364583333333,1750.121875,1727.51875,1685.04,0,CLOSED,-1.0,FVG 50%,ETHUSDT:SHORT:PWH
ETHUSDT,SHORT,70,2026-07-17 06:00:00+00:00,2026-07-17 11:30:00+00:00,2026-07-17 17:00:00+00:00,1841.305,1873.2019575000002,1811.034583333333,1793.5229166666668,1754.1216666666667,1685.04,1,CLOSED,0.2373,FVG 50% + HTF VP,ETHUSDT:SHORT:PWH
ETHUSDT,LONG,72,2026-07-24 06:30:00+00:00,2026-07-24 12:45:00+00:00,2026-07-24 13:00:00+00:00,1874.455,1860.8683175,1886.87,1894.7,1904.83,1916.4214583333332,0,CLOSED,-1.0,FVG + ORDER BLOCK + HTF VP,ETHUSDT:LONG:PDL
ETHUSDT,SHORT,96,2026-07-27 14:45:00+00:00,2026-07-27 19:00:00+00:00,2026-08-19 14:45:00+00:00,1946.17,1981.4758655024002,1920.6799999999998,1892.7854166666666,1873.96,1503.6,3,CLOSED,1.0698,FVG 50% + HTF VP,ETHUSDT:SHORT:PWH
ETHUSDT,SHORT,97,2026-08-20 22:15:00+00:00,2026-08-20 23:15:00+00:00,2026-08-21 01:15:00+00:00,2337.265,2364.0899592671576,2316.575,2293.4016666666666,2274.465,2255.528333333333,0,CLOSED,-1.0,FVG 50% + HTF VP,ETHUSDT:SHORT:PDH
ETHUSDT,LONG,70,2026-08-23 08:15:00+00:00,2026-08-23 14:30:00+00:00,2026-08-23 14:30:00+00:00,2389.4849999999997,2351.1855388775653,2421.6393749999997,2440.43,2529.98,2434.68,0,AMBIGUOUS,0.0,ORDER BLOCK 50% + HTF VP,ETHUSDT:LONG:PDL
ETHUSDT,SHORT,74,2026-08-25 08:00:00+00:00,,2026-08-25 20:00:00+00:00,2507.20875,2536.876324279321,2480.6845833333336,2466.36,2440.26375,2411.9691666666668,0,EXPIRED,0.0,ORDER BLOCK 50% + HTF VP,ETHUSDT:SHORT:PDH
